Feature,Importance
rainfall,0.16254832341440753
ph,0.14486858869530567
humidity,0.12755752327836306
P,0.0946866684196067
K,0.08892568650036824
temp_humidity,0.06415640861662791
NPK_sum,0.05987671362972817
P_K_ratio,0.058624793011096396
N,0.05141612876351267
N_K_ratio,0.04744802315667973
temperature,0.04177351557928252
N_P_ratio,0.041611696376774164
ph_acidic,0.01583255719255077
ph_alkaline,0.0006733733656963144
